,S1.point,S2.point,S3.point,sigma,lambda,gamma
0,0,0,0,0.07500000000000001,11.1,0.575
1,0,0,1,0.07500000000000001,0.675,0.575
2,0,0,2,0.07500000000000001,1.625,0.575
3,0,0,3,0.07500000000000001,2.2,0.575
4,0,0,4,0.07500000000000001,3.55,0.575
5,0,0,5,0.07500000000000001,5.225,0.575
6,0,0,6,0.07500000000000001,8.075,0.575
7,0,0,7,0.07500000000000001,0.07500000000000001,0.575
8,0,1,0,0.35,10.575,1.55
9,0,1,1,0.35,0.7500000000000001,1.55
10,0,1,2,0.35,1.625,1.55
11,0,1,3,0.35,2.075,1.55
12,0,1,4,0.35,3.475,1.55
13,0,1,5,0.35,4.775,1.55
14,0,1,6,0.35,7.6,1.55
15,0,1,7,0.35,0.125,1.55
16,0,2,0,0.31249999999999994,10.575,1.4625
17,0,2,1,0.31249999999999994,0.7500000000000001,1.4625
18,0,2,2,0.31249999999999994,1.625,1.4625
19,0,2,3,0.31249999999999994,2.075,1.4625
20,0,2,4,0.31249999999999994,3.475,1.4625
21,0,2,5,0.31249999999999994,4.8,1.4625
22,0,2,6,0.31249999999999994,7.625,1.4625
23,0,2,7,0.31249999999999994,0.1,1.4625
24,0,3,0,0.28750000000000003,10.6,1.4
25,0,3,1,0.28750000000000003,0.7500000000000001,1.4
26,0,3,2,0.28750000000000003,1.625,1.4
27,0,3,3,0.28750000000000003,2.075,1.4
28,0,3,4,0.28750000000000003,3.475,1.4
29,0,3,5,0.28750000000000003,4.824999999999999,1.4
30,0,3,6,0.28750000000000003,7.65,1.4
31,0,3,7,0.28750000000000003,0.1,1.4
32,0,4,0,0.275,10.6,1.325
33,0,4,1,0.275,0.7250000000000001,1.325
34,0,4,2,0.275,1.625,1.325
35,0,4,3,0.275,2.075,1.325
36,0,4,4,0.275,3.475,1.325
37,0,4,5,0.275,4.85,1.325
38,0,4,6,0.275,7.675000000000001,1.325
39,0,4,7,0.275,0.1,1.325
40,0,5,0,0.25,10.625,1.275
41,0,5,1,0.25,0.7250000000000001,1.275
42,0,5,2,0.25,1.625,1.275
43,0,5,3,0.25,2.075,1.275
44,0,5,4,0.25,3.475,1.275
45,0,5,5,0.25,4.875,1.275
46,0,5,6,0.25,7.7,1.275
47,0,5,7,0.25,0.1,1.275
48,0,6,0,0.2375,10.625,1.2
49,0,6,1,0.2375,0.7250000000000001,1.2
50,0,6,2,0.2375,1.625,1.2
51,0,6,3,0.2375,2.1,1.2
52,0,6,4,0.2375,3.475,1.2
53,0,6,5,0.2375,4.9,1.2
54,0,6,6,0.2375,7.7,1.2
55,0,6,7,0.2375,0.1,1.2
56,0,7,0,0.21250000000000002,10.675,1.1375000000000002
57,0,7,1,0.21250000000000002,0.7250000000000001,1.1375000000000002
58,0,7,2,0.21250000000000002,1.625,1.1375000000000002
59,0,7,3,0.21250000000000002,2.1,1.1375000000000002
60,0,7,4,0.21250000000000002,3.5,1.1375000000000002
61,0,7,5,0.21250000000000002,4.925,1.1375000000000002
62,0,7,6,0.21250000000000002,7.75,1.1375000000000002
63,0,7,7,0.21250000000000002,0.1,1.1375000000000002
64,0,8,0,0.1875,10.725,1.0625
65,0,8,1,0.1875,0.7000000000000001,1.0625
66,0,8,2,0.1875,1.625,1.0625
67,0,8,3,0.1875,2.125,1.0625
68,0,8,4,0.1875,3.5,1.0625
69,0,8,5,0.1875,4.975,1.0625
70,0,8,6,0.1875,7.800000000000001,1.0625
71,0,8,7,0.1875,0.1,1.0625
72,0,9,0,0.175,10.75,0.9874999999999999
73,0,9,1,0.175,0.7000000000000001,0.9874999999999999
74,0,9,2,0.175,1.625,0.9874999999999999
75,0,9,3,0.175,2.125,0.9874999999999999
76,0,9,4,0.175,3.5,0.9874999999999999
77,0,9,5,0.175,5.0,0.9874999999999999
78,0,9,6,0.175,7.825,0.9874999999999999
79,0,9,7,0.175,0.1,0.9874999999999999
80,0,10,0,0.15000000000000002,10.825,0.9125000000000001
81,0,10,1,0.15000000000000002,0.7000000000000001,0.9125000000000001
82,0,10,2,0.15000000000000002,1.625,0.9125000000000001
83,0,10,3,0.15000000000000002,2.125,0.9125000000000001
84,0,10,4,0.15000000000000002,3.5,0.9125000000000001
85,0,10,5,0.15000000000000002,5.05,0.9125000000000001
86,0,10,6,0.15000000000000002,7.875,0.9125000000000001
87,0,10,7,0.15000000000000002,0.07500000000000001,0.9125000000000001
88,0,11,0,0.1375,10.85,0.85
89,0,11,1,0.1375,0.7000000000000001,0.85
90,0,11,2,0.1375,1.625,0.85
91,0,11,3,0.1375,2.15,0.85
92,0,11,4,0.1375,3.5,0.85
93,0,11,5,0.1375,5.074999999999999,0.85
94,0,11,6,0.1375,7.9,0.85
95,0,11,7,0.1375,0.07500000000000001,0.85
96,0,12,0,0.11249999999999999,10.95,0.7625
97,0,12,1,0.11249999999999999,0.7000000000000001,0.7625
98,0,12,2,0.11249999999999999,1.625,0.7625
99,0,12,3,0.11249999999999999,2.15,0.7625
100,0,12,4,0.11249999999999999,3.5250000000000004,0.7625
101,0,12,5,0.11249999999999999,5.125,0.7625
102,0,12,6,0.11249999999999999,7.95,0.7625
103,0,12,7,0.11249999999999999,0.07500000000000001,0.7625
104,0,13,0,0.1,11.0,0.6875
105,0,13,1,0.1,0.675,0.6875
106,0,13,2,0.1,1.625,0.6875
107,0,13,3,0.1,2.175,0.6875
108,0,13,4,0.1,3.5250000000000004,0.6875
109,0,13,5,0.1,5.15,0.6875
110,0,13,6,0.1,8.0,0.6875
111,0,13,7,0.1,0.07500000000000001,0.6875
112,0,14,0,0.7875,10.575,1.9
113,0,14,1,1.225,1.25,1.9
114,0,14,2,1.2000000000000002,1.8,1.9
115,0,14,3,1.225,3.175,1.9
116,0,14,4,1.225,3.9,1.9
117,0,14,5,1.225,6.025,1.9
118,0,14,6,1.225,8.4,1.9
119,0,14,7,1.225,0.44999999999999996,1.9
120,1,0,0,0.425,10.6,0.07500000000000001
121,1,0,1,0.425,0.75,0.07500000000000001
122,1,0,2,0.425,1.55,0.07500000000000001
123,1,0,3,0.425,2.0,0.07500000000000001
124,1,0,4,0.425,3.1,0.07500000000000001
125,1,0,5,0.425,4.45,0.07500000000000001
126,1,0,6,0.425,7.125,0.07500000000000001
127,1,0,7,0.425,0.1,0.07500000000000001
128,1,1,0,1.3125,11.275,0.6499999999999999
129,1,1,1,1.3125,1.0499999999999998,0.6499999999999999
130,1,1,2,1.3125,1.725,0.6499999999999999
131,1,1,3,1.3125,2.275,0.6499999999999999
132,1,1,4,1.3125,3.2249999999999996,0.6499999999999999
133,1,1,5,1.3125,4.5,0.6499999999999999
134,1,1,6,1.3125,8.1,0.6499999999999999
135,1,1,7,1.3125,0.22500000000000003,0.6499999999999999
136,1,2,0,1.225,11.125,0.6125
137,1,2,1,1.225,0.9999999999999999,0.6125
138,1,2,2,1.225,1.7,0.6125
139,1,2,3,1.225,2.2,0.6125
140,1,2,4,1.225,3.1500000000000004,0.6125
141,1,2,5,1.225,4.4,0.6125
142,1,2,6,1.225,7.8,0.6125
143,1,2,7,1.225,0.2,0.6125
144,1,3,0,1.15,11.0,0.5625
145,1,3,1,1.15,0.975,0.5625
146,1,3,2,1.15,1.65,0.5625
147,1,3,3,1.15,2.15,0.5625
148,1,3,4,1.15,3.1,0.5625
149,1,3,5,1.15,4.35,0.5625
150,1,3,6,1.15,7.625,0.5625
151,1,3,7,1.15,0.175,0.5625
152,1,4,0,1.0875,10.925,0.525
153,1,4,1,1.0875,0.9500000000000001,0.525
154,1,4,2,1.0875,1.65,0.525
155,1,4,3,1.0875,2.125,0.525
156,1,4,4,1.0875,3.075,0.525
157,1,4,5,1.0875,4.275,0.525
158,1,4,6,1.0875,7.45,0.525
159,1,4,7,1.0875,0.175,0.525
160,1,5,0,1.025,10.825,0.48750000000000004
161,1,5,1,1.025,0.925,0.48750000000000004
162,1,5,2,1.025,1.625,0.48750000000000004
163,1,5,3,1.025,2.1,0.48750000000000004
164,1,5,4,1.025,3.0,0.48750000000000004
165,1,5,5,1.025,4.25,0.48750000000000004
166,1,5,6,1.025,7.35,0.48750000000000004
167,1,5,7,1.025,0.175,0.48750000000000004
168,1,6,0,0.95,10.725,0.4375
169,1,6,1,0.95,0.8999999999999999,0.4375
170,1,6,2,0.95,1.6,0.4375
171,1,6,3,0.95,2.05,0.4375
172,1,6,4,0.95,3.0,0.4375
173,1,6,5,0.95,4.225,0.4375
174,1,6,6,0.95,7.225,0.4375
175,1,6,7,0.95,0.15000000000000002,0.4375
176,1,7,0,0.8875,10.675,0.4
177,1,7,1,0.8875,0.875,0.4
178,1,7,2,0.8875,1.575,0.4
179,1,7,3,0.8875,2.025,0.4
180,1,7,4,0.8875,2.975,0.4
181,1,7,5,0.8875,4.2,0.4
182,1,7,6,0.8875,7.125,0.4
183,1,7,7,0.8875,0.15000000000000002,0.4
184,1,8,0,0.825,10.625,0.36250000000000004
185,1,8,1,0.825,0.85,0.36250000000000004
186,1,8,2,0.825,1.5499999999999998,0.36250000000000004
187,1,8,3,0.825,2.0,0.36250000000000004
188,1,8,4,0.825,2.95,0.36250000000000004
189,1,8,5,0.825,4.2,0.36250000000000004
190,1,8,6,0.825,7.074999999999999,0.36250000000000004
191,1,8,7,0.825,0.15000000000000002,0.36250000000000004
192,1,9,0,0.7625,10.6,0.30000000000000004
193,1,9,1,0.7625,0.825,0.30000000000000004
194,1,9,2,0.7625,1.5499999999999998,0.30000000000000004
195,1,9,3,0.7625,2.0,0.30000000000000004
196,1,9,4,0.7625,2.9749999999999996,0.30000000000000004
197,1,9,5,0.7625,4.2,0.30000000000000004
198,1,9,6,0.7625,7.025,0.30000000000000004
199,1,9,7,0.7625,0.125,0.30000000000000004
200,1,10,0,0.7,10.6,0.2625
201,1,10,1,0.7,0.825,0.2625
202,1,10,2,0.7,1.5499999999999998,0.2625
203,1,10,3,0.7,1.975,0.2625
204,1,10,4,0.7,2.9749999999999996,0.2625
205,1,10,5,0.7,4.225,0.2625
206,1,10,6,0.7,6.975,0.2625
207,1,10,7,0.7,0.125,0.2625
208,1,11,0,0.6375,10.575,0.2125
209,1,11,1,0.6375,0.825,0.2125
210,1,11,2,0.6375,1.5499999999999998,0.2125
211,1,11,3,0.6375,1.975,0.2125
212,1,11,4,0.6375,2.975,0.2125
213,1,11,5,0.6375,4.25,0.2125
214,1,11,6,0.6375,6.975,0.2125
215,1,11,7,0.6375,0.125,0.2125
216,1,12,0,0.575,10.575,0.175
217,1,12,1,0.575,0.7750000000000001,0.175
218,1,12,2,0.575,1.5499999999999998,0.175
219,1,12,3,0.575,1.975,0.175
220,1,12,4,0.575,3.0,0.175
221,1,12,5,0.575,4.3,0.175
222,1,12,6,0.575,6.975,0.175
223,1,12,7,0.575,0.125,0.175
224,1,13,0,0.5125,10.575,0.125
225,1,13,1,0.5125,0.7750000000000001,0.125
226,1,13,2,0.5125,1.525,0.125
227,1,13,3,0.5125,1.975,0.125
228,1,13,4,0.5125,3.025,0.125
229,1,13,5,0.5125,4.35,0.125
230,1,13,6,0.5125,7.025,0.125
231,1,13,7,0.5125,0.1,0.125
232,1,14,0,1.4375,11.5,0.7375
233,1,14,1,1.925,1.4250000000000003,0.9375
234,1,14,2,1.9125,2.075,0.9375
235,1,14,3,1.925,3.375,0.9375
236,1,14,4,1.925,4.275,0.9375
237,1,14,5,1.925,6.375,0.9375
238,1,14,6,1.925,8.625,0.9375
239,1,14,7,1.925,0.475,0.9375
240,2,0,0,0.375,10.625,0.1
241,2,0,1,0.375,0.75,0.1
242,2,0,2,0.375,1.55,0.1
243,2,0,3,0.375,2.0,0.1
244,2,0,4,0.375,3.175,0.1
245,2,0,5,0.375,4.55,0.1
246,2,0,6,0.375,7.225,0.1
247,2,0,7,0.375,0.1,0.1
248,2,1,0,1.225,11.125,0.7125
249,2,1,1,1.225,0.9999999999999999,0.7125
250,2,1,2,1.225,1.7,0.7125
251,2,1,3,1.225,2.2,0.7125
252,2,1,4,1.225,3.1500000000000004,0.7125
253,2,1,5,1.225,4.4,0.7125
254,2,1,6,1.225,7.8,0.7125
255,2,1,7,1.225,0.2,0.7125
256,2,2,0,1.15,11.0,0.6625
257,2,2,1,1.15,0.975,0.6625
258,2,2,2,1.15,1.65,0.6625
259,2,2,3,1.15,2.15,0.6625
260,2,2,4,1.15,3.1,0.6625
261,2,2,5,1.15,4.35,0.6625
262,2,2,6,1.15,7.625,0.6625
263,2,2,7,1.15,0.175,0.6625
264,2,3,0,1.075,10.875,0.625
265,2,3,1,1.075,0.9500000000000001,0.625
266,2,3,2,1.075,1.625,0.625
267,2,3,3,1.075,2.125,0.625
268,2,3,4,1.075,3.05,0.625
269,2,3,5,1.075,4.275,0.625
270,2,3,6,1.075,7.45,0.625
271,2,3,7,1.075,0.175,0.625
272,2,4,0,1.0375,10.85,0.575
273,2,4,1,1.0375,0.925,0.575
274,2,4,2,1.0375,1.625,0.575
275,2,4,3,1.0375,2.1,0.575
276,2,4,4,1.0375,3.0250000000000004,0.575
277,2,4,5,1.0375,4.25,0.575
278,2,4,6,1.0375,7.35,0.575
279,2,4,7,1.0375,0.175,0.575
280,2,5,0,0.9625,10.75,0.5375
281,2,5,1,0.9625,0.8999999999999999,0.5375
282,2,5,2,0.9625,1.6,0.5375
283,2,5,3,0.9625,2.05,0.5375
284,2,5,4,0.9625,3.0,0.5375
285,2,5,5,0.9625,4.225,0.5375
286,2,5,6,0.9625,7.225,0.5375
287,2,5,7,0.9625,0.15000000000000002,0.5375
288,2,6,0,0.8875,10.675,0.5
289,2,6,1,0.8875,0.875,0.5
290,2,6,2,0.8875,1.575,0.5
291,2,6,3,0.8875,2.025,0.5
292,2,6,4,0.8875,2.975,0.5
293,2,6,5,0.8875,4.2,0.5
294,2,6,6,0.8875,7.125,0.5
295,2,6,7,0.8875,0.15000000000000002,0.5
296,2,7,0,0.8375,10.65,0.44999999999999996
297,2,7,1,0.8375,0.85,0.44999999999999996
298,2,7,2,0.8375,1.5499999999999998,0.44999999999999996
299,2,7,3,0.8375,2.0,0.44999999999999996
300,2,7,4,0.8375,2.975,0.44999999999999996
301,2,7,5,0.8375,4.2,0.44999999999999996
302,2,7,6,0.8375,7.074999999999999,0.44999999999999996
303,2,7,7,0.8375,0.15000000000000002,0.44999999999999996
304,2,8,0,0.775,10.625,0.4125
305,2,8,1,0.775,0.825,0.4125
306,2,8,2,0.775,1.5499999999999998,0.4125
307,2,8,3,0.775,2.0,0.4125
308,2,8,4,0.775,2.95,0.4125
309,2,8,5,0.775,4.2,0.4125
310,2,8,6,0.775,7.025,0.4125
311,2,8,7,0.775,0.125,0.4125
312,2,9,0,0.7125,10.6,0.36250000000000004
313,2,9,1,0.7125,0.825,0.36250000000000004
314,2,9,2,0.7125,1.5499999999999998,0.36250000000000004
315,2,9,3,0.7125,1.975,0.36250000000000004
316,2,9,4,0.7125,2.9749999999999996,0.36250000000000004
317,2,9,5,0.7125,4.2,0.36250000000000004
318,2,9,6,0.7125,7.0,0.36250000000000004
319,2,9,7,0.7125,0.125,0.36250000000000004
320,2,10,0,0.65,10.575,0.3125
321,2,10,1,0.65,0.825,0.3125
322,2,10,2,0.65,1.5499999999999998,0.3125
323,2,10,3,0.65,1.975,0.3125
324,2,10,4,0.65,3.0,0.3125
325,2,10,5,0.65,4.25,0.3125
326,2,10,6,0.65,6.975,0.3125
327,2,10,7,0.65,0.125,0.3125
328,2,11,0,0.5875,10.575,0.2625
329,2,11,1,0.5875,0.7750000000000001,0.2625
330,2,11,2,0.5875,1.5499999999999998,0.2625
331,2,11,3,0.5875,2.0,0.2625
332,2,11,4,0.5875,3.0,0.2625
333,2,11,5,0.5875,4.3,0.2625
334,2,11,6,0.5875,6.975,0.2625
335,2,11,7,0.5875,0.125,0.2625
336,2,12,0,0.525,10.575,0.225
337,2,12,1,0.525,0.7750000000000001,0.225
338,2,12,2,0.525,1.525,0.225
339,2,12,3,0.525,1.975,0.225
340,2,12,4,0.525,3.025,0.225
341,2,12,5,0.525,4.35,0.225
342,2,12,6,0.525,7.025,0.225
343,2,12,7,0.525,0.1,0.225
344,2,13,0,0.475,10.6,0.175
345,2,13,1,0.475,0.75,0.175
346,2,13,2,0.475,1.525,0.175
347,2,13,3,0.475,1.975,0.175
348,2,13,4,0.475,3.05,0.175
349,2,13,5,0.475,4.4,0.175
350,2,13,6,0.475,7.074999999999999,0.175
351,2,13,7,0.475,0.1,0.175
352,2,14,0,1.4,11.325,0.8125
353,2,14,1,1.8875,1.4250000000000003,1.025
354,2,14,2,1.875,2.075,1.025
355,2,14,3,1.8875,3.375,1.025
356,2,14,4,1.8875,4.25,1.025
357,2,14,5,1.8875,6.325,1.025
358,2,14,6,1.8875,8.575,1.025
359,2,14,7,1.8875,0.475,1.025
360,3,0,0,0.3125,10.65,0.125
361,3,0,1,0.3125,0.7250000000000001,0.125
362,3,0,2,0.3125,1.5750000000000002,0.125
363,3,0,3,0.3125,2.025,0.125
364,3,0,4,0.3125,3.25,0.125
365,3,0,5,0.3125,4.65,0.125
366,3,0,6,0.3125,7.35,0.125
367,3,0,7,0.3125,0.1,0.125
368,3,1,0,1.175,11.025,0.7625
369,3,1,1,1.175,0.975,0.7625
370,3,1,2,1.175,1.675,0.7625
371,3,1,3,1.175,2.175,0.7625
372,3,1,4,1.175,3.125,0.7625
373,3,1,5,1.175,4.35,0.7625
374,3,1,6,1.175,7.675000000000001,0.7625
375,3,1,7,1.175,0.2,0.7625
376,3,2,0,1.0875,10.925,0.725
377,3,2,1,1.0875,0.9500000000000001,0.725
378,3,2,2,1.0875,1.65,0.725
379,3,2,3,1.0875,2.125,0.725
380,3,2,4,1.0875,3.075,0.725
381,3,2,5,1.0875,4.275,0.725
382,3,2,6,1.0875,7.45,0.725
383,3,2,7,1.0875,0.175,0.725
384,3,3,0,1.025,10.825,0.675
385,3,3,1,1.025,0.925,0.675
386,3,3,2,1.025,1.625,0.675
387,3,3,3,1.025,2.1,0.675
388,3,3,4,1.025,3.0,0.675
389,3,3,5,1.025,4.25,0.675
390,3,3,6,1.025,7.35,0.675
391,3,3,7,1.025,0.175,0.675
392,3,4,0,0.975,10.775,0.625
393,3,4,1,0.975,0.8999999999999999,0.625
394,3,4,2,0.975,1.625,0.625
395,3,4,3,0.975,2.05,0.625
396,3,4,4,0.975,3.0,0.625
397,3,4,5,0.975,4.225,0.625
398,3,4,6,0.975,7.25,0.625
399,3,4,7,0.975,0.15000000000000002,0.625
400,3,5,0,0.9125,10.7,0.5875
401,3,5,1,0.9125,0.8999999999999999,0.5875
402,3,5,2,0.9125,1.575,0.5875
403,3,5,3,0.9125,2.025,0.5875
404,3,5,4,0.9125,2.975,0.5875
405,3,5,5,0.9125,4.225,0.5875
406,3,5,6,0.9125,7.15,0.5875
407,3,5,7,0.9125,0.15000000000000002,0.5875
408,3,6,0,0.8375,10.65,0.55
409,3,6,1,0.8375,0.85,0.55
410,3,6,2,0.8375,1.5499999999999998,0.55
411,3,6,3,0.8375,2.0,0.55
412,3,6,4,0.8375,2.975,0.55
413,3,6,5,0.8375,4.2,0.55
414,3,6,6,0.8375,7.074999999999999,0.55
415,3,6,7,0.8375,0.15000000000000002,0.55
416,3,7,0,0.7875,10.625,0.5
417,3,7,1,0.7875,0.85,0.5
418,3,7,2,0.7875,1.5499999999999998,0.5
419,3,7,3,0.7875,2.0,0.5
420,3,7,4,0.7875,2.95,0.5
421,3,7,5,0.7875,4.2,0.5
422,3,7,6,0.7875,7.050000000000001,0.5
423,3,7,7,0.7875,0.15000000000000002,0.5
424,3,8,0,0.725,10.6,0.44999999999999996
425,3,8,1,0.725,0.825,0.44999999999999996
426,3,8,2,0.725,1.5499999999999998,0.44999999999999996
427,3,8,3,0.725,1.975,0.44999999999999996
428,3,8,4,0.725,2.9749999999999996,0.44999999999999996
429,3,8,5,0.725,4.2,0.44999999999999996
430,3,8,6,0.725,7.0,0.44999999999999996
431,3,8,7,0.725,0.125,0.44999999999999996
432,3,9,0,0.6625,10.575,0.4125
433,3,9,1,0.6625,0.825,0.4125
434,3,9,2,0.6625,1.5499999999999998,0.4125
435,3,9,3,0.6625,1.975,0.4125
436,3,9,4,0.6625,3.0,0.4125
437,3,9,5,0.6625,4.25,0.4125
438,3,9,6,0.6625,6.975,0.4125
439,3,9,7,0.6625,0.125,0.4125
440,3,10,0,0.6,10.575,0.35
441,3,10,1,0.6,0.7750000000000001,0.35
442,3,10,2,0.6,1.5499999999999998,0.35
443,3,10,3,0.6,2.0,0.35
444,3,10,4,0.6,2.975,0.35
445,3,10,5,0.6,4.275,0.35
446,3,10,6,0.6,6.975,0.35
447,3,10,7,0.6,0.125,0.35
448,3,11,0,0.55,10.575,0.32499999999999996
449,3,11,1,0.55,0.7750000000000001,0.32499999999999996
450,3,11,2,0.55,1.5499999999999998,0.32499999999999996
451,3,11,3,0.55,1.975,0.32499999999999996
452,3,11,4,0.55,3.0,0.32499999999999996
453,3,11,5,0.55,4.3,0.32499999999999996
454,3,11,6,0.55,7.0,0.32499999999999996
455,3,11,7,0.55,0.1,0.32499999999999996
456,3,12,0,0.5,10.6,0.275
457,3,12,1,0.5,0.7750000000000001,0.275
458,3,12,2,0.5,1.525,0.275
459,3,12,3,0.5,1.975,0.275
460,3,12,4,0.5,3.025,0.275
461,3,12,5,0.5,4.35,0.275
462,3,12,6,0.5,7.025,0.275
463,3,12,7,0.5,0.1,0.275
464,3,13,0,0.4375,10.6,0.2125
465,3,13,1,0.4375,0.75,0.2125
466,3,13,2,0.4375,1.55,0.2125
467,3,13,3,0.4375,1.975,0.2125
468,3,13,4,0.4375,3.075,0.2125
469,3,13,5,0.4375,4.425,0.2125
470,3,13,6,0.4375,7.1,0.2125
471,3,13,7,0.4375,0.1,0.2125
472,3,14,0,1.3624999999999998,11.175,0.8875
473,3,14,1,1.85,1.4,1.1125
474,3,14,2,1.8375,2.05,1.1
475,3,14,3,1.85,3.35,1.1125
476,3,14,4,1.85,4.2,1.1125
477,3,14,5,1.85,6.325,1.1125
478,3,14,6,1.85,8.525,1.1125
479,3,14,7,1.85,0.475,1.1125
480,4,0,0,0.25,10.7,0.15000000000000002
481,4,0,1,0.25,0.7250000000000001,0.15000000000000002
482,4,0,2,0.25,1.575,0.15000000000000002
483,4,0,3,0.25,2.05,0.15000000000000002
484,4,0,4,0.25,3.35,0.15000000000000002
485,4,0,5,0.25,4.8,0.15000000000000002
486,4,0,6,0.25,7.55,0.15000000000000002
487,4,0,7,0.25,0.1,0.15000000000000002
488,4,1,0,1.1125,10.925,0.8125
489,4,1,1,1.1125,0.975,0.8125
490,4,1,2,1.1125,1.65,0.8125
491,4,1,3,1.1125,2.15,0.8125
492,4,1,4,1.1125,3.075,0.8125
493,4,1,5,1.1125,4.3,0.8125
494,4,1,6,1.1125,7.55,0.8125
495,4,1,7,1.1125,0.175,0.8125
496,4,2,0,1.025,10.825,0.7625
497,4,2,1,1.025,0.925,0.7625
498,4,2,2,1.025,1.625,0.7625
499,4,2,3,1.025,2.1,0.7625
500,4,2,4,1.025,3.0,0.7625
501,4,2,5,1.025,4.25,0.7625
502,4,2,6,1.025,7.35,0.7625
503,4,2,7,1.025,0.175,0.7625
504,4,3,0,0.9625,10.75,0.725
505,4,3,1,0.9625,0.8999999999999999,0.725
506,4,3,2,0.9625,1.6,0.725
507,4,3,3,0.9625,2.05,0.725
508,4,3,4,0.9625,3.0,0.725
509,4,3,5,0.9625,4.225,0.725
510,4,3,6,0.9625,7.225,0.725
511,4,3,7,0.9625,0.15000000000000002,0.725
512,4,4,0,0.9125,10.7,0.6875
513,4,4,1,0.9125,0.8999999999999999,0.6875
514,4,4,2,0.9125,1.575,0.6875
515,4,4,3,0.9125,2.025,0.6875
516,4,4,4,0.9125,2.975,0.6875
517,4,4,5,0.9125,4.225,0.6875
518,4,4,6,0.9125,7.15,0.6875
519,4,4,7,0.9125,0.15000000000000002,0.6875
520,4,5,0,0.8625,10.675,0.6375
521,4,5,1,0.8625,0.875,0.6375
522,4,5,2,0.8625,1.575,0.6375
523,4,5,3,0.8625,2.025,0.6375
524,4,5,4,0.8625,2.975,0.6375
525,4,5,5,0.8625,4.2,0.6375
526,4,5,6,0.8625,7.1,0.6375
527,4,5,7,0.8625,0.15000000000000002,0.6375
528,4,6,0,0.7875,10.625,0.6
529,4,6,1,0.7875,0.85,0.6
530,4,6,2,0.7875,1.5499999999999998,0.6
531,4,6,3,0.7875,2.0,0.6
532,4,6,4,0.7875,2.95,0.6
533,4,6,5,0.7875,4.2,0.6
534,4,6,6,0.7875,7.050000000000001,0.6
535,4,6,7,0.7875,0.15000000000000002,0.6
536,4,7,0,0.7375,10.6,0.55
537,4,7,1,0.7375,0.825,0.55
538,4,7,2,0.7375,1.5499999999999998,0.55
539,4,7,3,0.7375,1.975,0.55
540,4,7,4,0.7375,2.9749999999999996,0.55
541,4,7,5,0.7375,4.2,0.55
542,4,7,6,0.7375,7.0,0.55
543,4,7,7,0.7375,0.125,0.55
544,4,8,0,0.6875,10.575,0.5
545,4,8,1,0.6875,0.825,0.5
546,4,8,2,0.6875,1.5499999999999998,0.5
547,4,8,3,0.6875,1.975,0.5
548,4,8,4,0.6875,2.9749999999999996,0.5
549,4,8,5,0.6875,4.225,0.5
550,4,8,6,0.6875,6.975,0.5
551,4,8,7,0.6875,0.125,0.5
552,4,9,0,0.625,10.575,0.4625
553,4,9,1,0.625,0.8,0.4625
554,4,9,2,0.625,1.5499999999999998,0.4625
555,4,9,3,0.625,2.0,0.4625
556,4,9,4,0.625,2.975,0.4625
557,4,9,5,0.625,4.25,0.4625
558,4,9,6,0.625,6.949999999999999,0.4625
559,4,9,7,0.625,0.125,0.4625
560,4,10,0,0.575,10.575,0.4125
561,4,10,1,0.575,0.7750000000000001,0.4125
562,4,10,2,0.575,1.5499999999999998,0.4125
563,4,10,3,0.575,1.975,0.4125
564,4,10,4,0.575,3.0,0.4125
565,4,10,5,0.575,4.3,0.4125
566,4,10,6,0.575,6.975,0.4125
567,4,10,7,0.575,0.125,0.4125
568,4,11,0,0.5,10.6,0.36250000000000004
569,4,11,1,0.5,0.7750000000000001,0.36250000000000004
570,4,11,2,0.5,1.525,0.36250000000000004
571,4,11,3,0.5,1.975,0.36250000000000004
572,4,11,4,0.5,3.025,0.36250000000000004
573,4,11,5,0.5,4.35,0.36250000000000004
574,4,11,6,0.5,7.025,0.36250000000000004
575,4,11,7,0.5,0.1,0.36250000000000004
576,4,12,0,0.44999999999999996,10.6,0.3125
577,4,12,1,0.44999999999999996,0.75,0.3125
578,4,12,2,0.44999999999999996,1.55,0.3125
579,4,12,3,0.44999999999999996,1.975,0.3125
580,4,12,4,0.44999999999999996,3.075,0.3125
581,4,12,5,0.44999999999999996,4.4,0.3125
582,4,12,6,0.44999999999999996,7.074999999999999,0.3125
583,4,12,7,0.44999999999999996,0.1,0.3125
584,4,13,0,0.4,10.625,0.2625
585,4,13,1,0.4,0.75,0.2625
586,4,13,2,0.4,1.55,0.2625
587,4,13,3,0.4,2.025,0.2625
588,4,13,4,0.4,3.1,0.2625
589,4,13,5,0.4,4.5,0.2625
590,4,13,6,0.4,7.15,0.2625
591,4,13,7,0.4,0.1,0.2625
592,4,14,0,1.325,11.025,0.9875
593,4,14,1,1.8125,1.4,1.2
594,4,14,2,1.8,2.0250000000000004,1.2
595,4,14,3,1.8125,3.35,1.2
596,4,14,4,1.8125,4.175,1.2
597,4,14,5,1.8125,6.300000000000001,1.2
598,4,14,6,1.8125,8.475,1.2
599,4,14,7,1.8125,0.475,1.2
600,5,0,0,0.2,10.725,0.16250000000000003
601,5,0,1,0.2,0.7000000000000001,0.16250000000000003
602,5,0,2,0.2,1.6,0.16250000000000003
603,5,0,3,0.2,2.1,0.16250000000000003
604,5,0,4,0.2,3.475,0.16250000000000003
605,5,0,5,0.2,4.949999999999999,0.16250000000000003
606,5,0,6,0.2,7.725,0.16250000000000003
607,5,0,7,0.2,0.1,0.16250000000000003
608,5,1,0,1.0375,10.825,0.8875
609,5,1,1,1.0375,0.925,0.8875
610,5,1,2,1.0375,1.625,0.8875
611,5,1,3,1.0375,2.1,0.8875
612,5,1,4,1.0375,3.025,0.8875
613,5,1,5,1.0375,4.275,0.8875
614,5,1,6,1.0375,7.3999999999999995,0.8875
615,5,1,7,1.0375,0.175,0.8875
616,5,2,0,0.975,10.75,0.825
617,5,2,1,0.975,0.8999999999999999,0.825
618,5,2,2,0.975,1.6,0.825
619,5,2,3,0.975,2.05,0.825
620,5,2,4,0.975,3.0,0.825
621,5,2,5,0.975,4.25,0.825
622,5,2,6,0.975,7.25,0.825
623,5,2,7,0.975,0.175,0.825
624,5,3,0,0.9125,10.7,0.7875
625,5,3,1,0.9125,0.8999999999999999,0.7875
626,5,3,2,0.9125,1.575,0.7875
627,5,3,3,0.9125,2.025,0.7875
628,5,3,4,0.9125,2.975,0.7875
629,5,3,5,0.9125,4.225,0.7875
630,5,3,6,0.9125,7.15,0.7875
631,5,3,7,0.9125,0.15000000000000002,0.7875
632,5,4,0,0.85,10.675,0.75
633,5,4,1,0.85,0.875,0.75
634,5,4,2,0.85,1.575,0.75
635,5,4,3,0.85,2.0,0.75
636,5,4,4,0.85,2.975,0.75
637,5,4,5,0.85,4.2,0.75
638,5,4,6,0.85,7.074999999999999,0.75
639,5,4,7,0.85,0.15000000000000002,0.75
640,5,5,0,0.8,10.625,0.7
641,5,5,1,0.8,0.85,0.7
642,5,5,2,0.8,1.5499999999999998,0.7
643,5,5,3,0.8,2.0,0.7
644,5,5,4,0.8,2.95,0.7
645,5,5,5,0.8,4.2,0.7
646,5,5,6,0.8,7.050000000000001,0.7
647,5,5,7,0.8,0.15000000000000002,0.7
648,5,6,0,0.7375,10.6,0.65
649,5,6,1,0.7375,0.825,0.65
650,5,6,2,0.7375,1.5499999999999998,0.65
651,5,6,3,0.7375,1.975,0.65
652,5,6,4,0.7375,2.9749999999999996,0.65
653,5,6,5,0.7375,4.2,0.65
654,5,6,6,0.7375,7.0,0.65
655,5,6,7,0.7375,0.125,0.65
656,5,7,0,0.6875,10.575,0.6
657,5,7,1,0.6875,0.825,0.6
658,5,7,2,0.6875,1.5499999999999998,0.6
659,5,7,3,0.6875,1.975,0.6
660,5,7,4,0.6875,2.9749999999999996,0.6
661,5,7,5,0.6875,4.225,0.6
662,5,7,6,0.6875,6.975,0.6
663,5,7,7,0.6875,0.125,0.6
664,5,8,0,0.6375,10.575,0.5625
665,5,8,1,0.6375,0.825,0.5625
666,5,8,2,0.6375,1.5499999999999998,0.5625
667,5,8,3,0.6375,1.975,0.5625
668,5,8,4,0.6375,2.975,0.5625
669,5,8,5,0.6375,4.25,0.5625
670,5,8,6,0.6375,6.975,0.5625
671,5,8,7,0.6375,0.125,0.5625
672,5,9,0,0.575,10.575,0.5125
673,5,9,1,0.575,0.7750000000000001,0.5125
674,5,9,2,0.575,1.5499999999999998,0.5125
675,5,9,3,0.575,1.975,0.5125
676,5,9,4,0.575,3.0,0.5125
677,5,9,5,0.575,4.3,0.5125
678,5,9,6,0.575,6.975,0.5125
679,5,9,7,0.575,0.125,0.5125
680,5,10,0,0.525,10.575,0.4625
681,5,10,1,0.525,0.7750000000000001,0.4625
682,5,10,2,0.525,1.525,0.4625
683,5,10,3,0.525,1.975,0.4625
684,5,10,4,0.525,3.025,0.4625
685,5,10,5,0.525,4.35,0.4625
686,5,10,6,0.525,7.025,0.4625
687,5,10,7,0.525,0.1,0.4625
688,5,11,0,0.475,10.6,0.4125
689,5,11,1,0.475,0.75,0.4125
690,5,11,2,0.475,1.525,0.4125
691,5,11,3,0.475,1.975,0.4125
692,5,11,4,0.475,3.05,0.4125
693,5,11,5,0.475,4.4,0.4125
694,5,11,6,0.475,7.074999999999999,0.4125
695,5,11,7,0.475,0.1,0.4125
696,5,12,0,0.4125,10.625,0.375
697,5,12,1,0.4125,0.75,0.375
698,5,12,2,0.4125,1.55,0.375
699,5,12,3,0.4125,2.0,0.375
700,5,12,4,0.4125,3.075,0.375
701,5,12,5,0.4125,4.475,0.375
702,5,12,6,0.4125,7.125,0.375
703,5,12,7,0.4125,0.1,0.375
704,5,13,0,0.36250000000000004,10.65,0.3125
705,5,13,1,0.36250000000000004,0.75,0.3125
706,5,13,2,0.36250000000000004,1.55,0.3125
707,5,13,3,0.36250000000000004,2.025,0.3125
708,5,13,4,0.36250000000000004,3.15,0.3125
709,5,13,5,0.36250000000000004,4.550000000000001,0.3125
710,5,13,6,0.36250000000000004,7.225,0.3125
711,5,13,7,0.36250000000000004,0.1,0.3125
712,5,14,0,1.2999999999999998,10.95,1.075
713,5,14,1,1.7875,1.4,1.3
714,5,14,2,1.775,2.0250000000000004,1.2875
715,5,14,3,1.7875,3.35,1.3
716,5,14,4,1.7875,4.15,1.3
717,5,14,5,1.7875,6.275,1.3
718,5,14,6,1.7875,8.45,1.3
719,5,14,7,1.7875,0.475,1.3
720,6,0,0,0.175,10.75,0.2
721,6,0,1,0.175,0.7000000000000001,0.2
722,6,0,2,0.175,1.625,0.2
723,6,0,3,0.175,2.125,0.2
724,6,0,4,0.175,3.5,0.2
725,6,0,5,0.175,5.0,0.2
726,6,0,6,0.175,7.825,0.2
727,6,0,7,0.175,0.1,0.2
728,6,1,0,0.975,10.75,0.9375
729,6,1,1,0.975,0.8999999999999999,0.9375
730,6,1,2,0.975,1.6,0.9375
731,6,1,3,0.975,2.05,0.9375
732,6,1,4,0.975,3.0,0.9375
733,6,1,5,0.975,4.25,0.9375
734,6,1,6,0.975,7.25,0.9375
735,6,1,7,0.975,0.175,0.9375
736,6,2,0,0.9125,10.7,0.8875
737,6,2,1,0.9125,0.8999999999999999,0.8875
738,6,2,2,0.9125,1.575,0.8875
739,6,2,3,0.9125,2.025,0.8875
740,6,2,4,0.9125,2.975,0.8875
741,6,2,5,0.9125,4.225,0.8875
742,6,2,6,0.9125,7.15,0.8875
743,6,2,7,0.9125,0.15000000000000002,0.8875
744,6,3,0,0.8375,10.65,0.8375
745,6,3,1,0.8375,0.85,0.8375
746,6,3,2,0.8375,1.5499999999999998,0.8375
747,6,3,3,0.8375,2.0,0.8375
748,6,3,4,0.8375,2.975,0.8375
749,6,3,5,0.8375,4.2,0.8375
750,6,3,6,0.8375,7.074999999999999,0.8375
751,6,3,7,0.8375,0.15000000000000002,0.8375
752,6,4,0,0.7875,10.625,0.8
753,6,4,1,0.7875,0.85,0.8
754,6,4,2,0.7875,1.5499999999999998,0.8
755,6,4,3,0.7875,2.0,0.8
756,6,4,4,0.7875,2.95,0.8
757,6,4,5,0.7875,4.2,0.8
758,6,4,6,0.7875,7.050000000000001,0.8
759,6,4,7,0.7875,0.15000000000000002,0.8
760,6,5,0,0.7375,10.6,0.75
761,6,5,1,0.7375,0.825,0.75
762,6,5,2,0.7375,1.5499999999999998,0.75
763,6,5,3,0.7375,1.975,0.75
764,6,5,4,0.7375,2.9749999999999996,0.75
765,6,5,5,0.7375,4.2,0.75
766,6,5,6,0.7375,7.0,0.75
767,6,5,7,0.7375,0.125,0.75
768,6,6,0,0.6875,10.575,0.7
769,6,6,1,0.6875,0.825,0.7
770,6,6,2,0.6875,1.5499999999999998,0.7
771,6,6,3,0.6875,1.975,0.7
772,6,6,4,0.6875,2.9749999999999996,0.7
773,6,6,5,0.6875,4.225,0.7
774,6,6,6,0.6875,6.975,0.7
775,6,6,7,0.6875,0.125,0.7
776,6,7,0,0.6375,10.575,0.6625
777,6,7,1,0.6375,0.825,0.6625
778,6,7,2,0.6375,1.5499999999999998,0.6625
779,6,7,3,0.6375,1.975,0.6625
780,6,7,4,0.6375,2.975,0.6625
781,6,7,5,0.6375,4.25,0.6625
782,6,7,6,0.6375,6.975,0.6625
783,6,7,7,0.6375,0.125,0.6625
784,6,8,0,0.575,10.575,0.6125
785,6,8,1,0.575,0.7750000000000001,0.6125
786,6,8,2,0.575,1.5499999999999998,0.6125
787,6,8,3,0.575,1.975,0.6125
788,6,8,4,0.575,3.0,0.6125
789,6,8,5,0.575,4.3,0.6125
790,6,8,6,0.575,6.975,0.6125
791,6,8,7,0.575,0.125,0.6125
792,6,9,0,0.525,10.575,0.5625
793,6,9,1,0.525,0.7750000000000001,0.5625
794,6,9,2,0.525,1.525,0.5625
795,6,9,3,0.525,1.975,0.5625
796,6,9,4,0.525,3.025,0.5625
797,6,9,5,0.525,4.35,0.5625
798,6,9,6,0.525,7.025,0.5625
799,6,9,7,0.525,0.1,0.5625
800,6,10,0,0.475,10.6,0.5125
801,6,10,1,0.475,0.75,0.5125
802,6,10,2,0.475,1.525,0.5125
803,6,10,3,0.475,1.975,0.5125
804,6,10,4,0.475,3.05,0.5125
805,6,10,5,0.475,4.4,0.5125
806,6,10,6,0.475,7.074999999999999,0.5125
807,6,10,7,0.475,0.1,0.5125
808,6,11,0,0.42500000000000004,10.625,0.4625
809,6,11,1,0.42500000000000004,0.75,0.4625
810,6,11,2,0.42500000000000004,1.55,0.4625
811,6,11,3,0.42500000000000004,1.975,0.4625
812,6,11,4,0.42500000000000004,3.075,0.4625
813,6,11,5,0.42500000000000004,4.45,0.4625
814,6,11,6,0.42500000000000004,7.125,0.4625
815,6,11,7,0.42500000000000004,0.1,0.4625
816,6,12,0,0.375,10.65,0.4125
817,6,12,1,0.375,0.75,0.4125
818,6,12,2,0.375,1.55,0.4125
819,6,12,3,0.375,2.025,0.4125
820,6,12,4,0.375,3.125,0.4125
821,6,12,5,0.375,4.525,0.4125
822,6,12,6,0.375,7.199999999999999,0.4125
823,6,12,7,0.375,0.1,0.4125
824,6,13,0,0.32499999999999996,10.7,0.36250000000000004
825,6,13,1,0.32499999999999996,0.75,0.36250000000000004
826,6,13,2,0.32499999999999996,1.55,0.36250000000000004
827,6,13,3,0.32499999999999996,2.025,0.36250000000000004
828,6,13,4,0.32499999999999996,3.1999999999999997,0.36250000000000004
829,6,13,5,0.32499999999999996,4.625,0.36250000000000004
830,6,13,6,0.32499999999999996,7.3,0.36250000000000004
831,6,13,7,0.32499999999999996,0.1,0.36250000000000004
832,6,14,0,1.25,10.825,1.15
833,6,14,1,1.7374999999999998,1.3750000000000002,1.3875
834,6,14,2,1.725,2.0,1.3875
835,6,14,3,1.7374999999999998,3.35,1.3875
836,6,14,4,1.7374999999999998,4.1,1.3875
837,6,14,5,1.7374999999999998,6.275,1.3875
838,6,14,6,1.7374999999999998,8.425,1.3875
839,6,14,7,1.7374999999999998,0.475,1.3875
840,7,0,0,0.15000000000000002,10.825,0.25
841,7,0,1,0.15000000000000002,0.7000000000000001,0.25
842,7,0,2,0.15000000000000002,1.625,0.25
843,7,0,3,0.15000000000000002,2.125,0.25
844,7,0,4,0.15000000000000002,3.5,0.25
845,7,0,5,0.15000000000000002,5.05,0.25
846,7,0,6,0.15000000000000002,7.875,0.25
847,7,0,7,0.15000000000000002,0.07500000000000001,0.25
848,7,1,0,0.8999999999999999,10.675,1.0
849,7,1,1,0.8999999999999999,0.8999999999999999,1.0
850,7,1,2,0.8999999999999999,1.575,1.0
851,7,1,3,0.8999999999999999,2.025,1.0
852,7,1,4,0.8999999999999999,2.975,1.0
853,7,1,5,0.8999999999999999,4.225,1.0
854,7,1,6,0.8999999999999999,7.15,1.0
855,7,1,7,0.8999999999999999,0.15000000000000002,1.0
856,7,2,0,0.8375,10.65,0.9375
857,7,2,1,0.8375,0.85,0.9375
858,7,2,2,0.8375,1.5499999999999998,0.9375
859,7,2,3,0.8375,2.0,0.9375
860,7,2,4,0.8375,2.975,0.9375
861,7,2,5,0.8375,4.2,0.9375
862,7,2,6,0.8375,7.074999999999999,0.9375
863,7,2,7,0.8375,0.15000000000000002,0.9375
864,7,3,0,0.7875,10.625,0.9
865,7,3,1,0.7875,0.85,0.9
866,7,3,2,0.7875,1.5499999999999998,0.9
867,7,3,3,0.7875,2.0,0.9
868,7,3,4,0.7875,2.95,0.9
869,7,3,5,0.7875,4.2,0.9
870,7,3,6,0.7875,7.050000000000001,0.9
871,7,3,7,0.7875,0.15000000000000002,0.9
872,7,4,0,0.7375,10.6,0.85
873,7,4,1,0.7375,0.825,0.85
874,7,4,2,0.7375,1.5499999999999998,0.85
875,7,4,3,0.7375,1.975,0.85
876,7,4,4,0.7375,2.9749999999999996,0.85
877,7,4,5,0.7375,4.2,0.85
878,7,4,6,0.7375,7.0,0.85
879,7,4,7,0.7375,0.125,0.85
880,7,5,0,0.6875,10.575,0.8125
881,7,5,1,0.6875,0.825,0.8125
882,7,5,2,0.6875,1.5499999999999998,0.8125
883,7,5,3,0.6875,1.975,0.8125
884,7,5,4,0.6875,2.9749999999999996,0.8125
885,7,5,5,0.6875,4.225,0.8125
886,7,5,6,0.6875,6.975,0.8125
887,7,5,7,0.6875,0.125,0.8125
888,7,6,0,0.6375,10.575,0.775
889,7,6,1,0.6375,0.825,0.775
890,7,6,2,0.6375,1.5499999999999998,0.775
891,7,6,3,0.6375,1.975,0.775
892,7,6,4,0.6375,2.975,0.775
893,7,6,5,0.6375,4.25,0.775
894,7,6,6,0.6375,6.975,0.775
895,7,6,7,0.6375,0.125,0.775
896,7,7,0,0.5875,10.575,0.7125
897,7,7,1,0.5875,0.7750000000000001,0.7125
898,7,7,2,0.5875,1.5499999999999998,0.7125
899,7,7,3,0.5875,2.0,0.7125
900,7,7,4,0.5875,3.0,0.7125
901,7,7,5,0.5875,4.3,0.7125
902,7,7,6,0.5875,6.975,0.7125
903,7,7,7,0.5875,0.125,0.7125
904,7,8,0,0.525,10.575,0.6625
905,7,8,1,0.525,0.7750000000000001,0.6625
906,7,8,2,0.525,1.525,0.6625
907,7,8,3,0.525,1.975,0.6625
908,7,8,4,0.525,3.025,0.6625
909,7,8,5,0.525,4.35,0.6625
910,7,8,6,0.525,7.025,0.6625
911,7,8,7,0.525,0.1,0.6625
912,7,9,0,0.475,10.6,0.6125
913,7,9,1,0.475,0.75,0.6125
914,7,9,2,0.475,1.525,0.6125
915,7,9,3,0.475,1.975,0.6125
916,7,9,4,0.475,3.05,0.6125
917,7,9,5,0.475,4.4,0.6125
918,7,9,6,0.475,7.074999999999999,0.6125
919,7,9,7,0.475,0.1,0.6125
920,7,10,0,0.42500000000000004,10.625,0.5625
921,7,10,1,0.42500000000000004,0.75,0.5625
922,7,10,2,0.42500000000000004,1.55,0.5625
923,7,10,3,0.42500000000000004,1.975,0.5625
924,7,10,4,0.42500000000000004,3.075,0.5625
925,7,10,5,0.42500000000000004,4.45,0.5625
926,7,10,6,0.42500000000000004,7.125,0.5625
927,7,10,7,0.42500000000000004,0.1,0.5625
928,7,11,0,0.375,10.65,0.5125
929,7,11,1,0.375,0.75,0.5125
930,7,11,2,0.375,1.55,0.5125
931,7,11,3,0.375,2.025,0.5125
932,7,11,4,0.375,3.125,0.5125
933,7,11,5,0.375,4.525,0.5125
934,7,11,6,0.375,7.199999999999999,0.5125
935,7,11,7,0.375,0.1,0.5125
936,7,12,0,0.3375,10.7,0.4625
937,7,12,1,0.3375,0.75,0.4625
938,7,12,2,0.3375,1.55,0.4625
939,7,12,3,0.3375,2.025,0.4625
940,7,12,4,0.3375,3.175,0.4625
941,7,12,5,0.3375,4.6,0.4625
942,7,12,6,0.3375,7.275,0.4625
943,7,12,7,0.3375,0.1,0.4625
944,7,13,0,0.2875,10.725,0.4125
945,7,13,1,0.2875,0.7000000000000001,0.4125
946,7,13,2,0.2875,1.55,0.4125
947,7,13,3,0.2875,2.05,0.4125
948,7,13,4,0.2875,3.25,0.4125
949,7,13,5,0.2875,4.699999999999999,0.4125
950,7,13,6,0.2875,7.4,0.4125
951,7,13,7,0.2875,0.1,0.4125
952,7,14,0,1.225,10.75,1.25
953,7,14,1,1.7125,1.3750000000000002,1.5
954,7,14,2,1.7000000000000002,1.975,1.4874999999999998
955,7,14,3,1.7125,3.325,1.5
956,7,14,4,1.7125,4.1,1.5
957,7,14,5,1.7125,6.275,1.5
958,7,14,6,1.7125,8.4,1.5
959,7,14,7,1.7125,0.475,1.5
960,8,0,0,0.1375,10.85,0.30000000000000004
961,8,0,1,0.1375,0.7000000000000001,0.30000000000000004
962,8,0,2,0.1375,1.625,0.30000000000000004
963,8,0,3,0.1375,2.15,0.30000000000000004
964,8,0,4,0.1375,3.5,0.30000000000000004
965,8,0,5,0.1375,5.074999999999999,0.30000000000000004
966,8,0,6,0.1375,7.9,0.30000000000000004
967,8,0,7,0.1375,0.07500000000000001,0.30000000000000004
968,8,1,0,0.85,10.675,1.0499999999999998
969,8,1,1,0.85,0.875,1.0499999999999998
970,8,1,2,0.85,1.575,1.0499999999999998
971,8,1,3,0.85,2.0,1.0499999999999998
972,8,1,4,0.85,2.975,1.0499999999999998
973,8,1,5,0.85,4.2,1.0499999999999998
974,8,1,6,0.85,7.074999999999999,1.0499999999999998
975,8,1,7,0.85,0.15000000000000002,1.0499999999999998
976,8,2,0,0.7875,10.625,0.9874999999999999
977,8,2,1,0.7875,0.85,0.9874999999999999
978,8,2,2,0.7875,1.5499999999999998,0.9874999999999999
979,8,2,3,0.7875,2.0,0.9874999999999999
980,8,2,4,0.7875,2.95,0.9874999999999999
981,8,2,5,0.7875,4.2,0.9874999999999999
982,8,2,6,0.7875,7.050000000000001,0.9874999999999999
983,8,2,7,0.7875,0.15000000000000002,0.9874999999999999
984,8,3,0,0.725,10.6,0.95
985,8,3,1,0.725,0.825,0.95
986,8,3,2,0.725,1.5499999999999998,0.95
987,8,3,3,0.725,1.975,0.95
988,8,3,4,0.725,2.9749999999999996,0.95
989,8,3,5,0.725,4.2,0.95
990,8,3,6,0.725,7.0,0.95
991,8,3,7,0.725,0.125,0.95
992,8,4,0,0.6875,10.575,0.9
993,8,4,1,0.6875,0.825,0.9
994,8,4,2,0.6875,1.5499999999999998,0.9
995,8,4,3,0.6875,1.975,0.9
996,8,4,4,0.6875,2.9749999999999996,0.9
997,8,4,5,0.6875,4.225,0.9
998,8,4,6,0.6875,6.975,0.9
999,8,4,7,0.6875,0.125,0.9
1000,8,5,0,0.625,10.575,0.85
1001,8,5,1,0.625,0.8,0.85
1002,8,5,2,0.625,1.5499999999999998,0.85
1003,8,5,3,0.625,2.0,0.85
1004,8,5,4,0.625,2.975,0.85
1005,8,5,5,0.625,4.25,0.85
1006,8,5,6,0.625,6.949999999999999,0.85
1007,8,5,7,0.625,0.125,0.85
1008,8,6,0,0.5874999999999999,10.575,0.8125
1009,8,6,1,0.5874999999999999,0.7750000000000001,0.8125
1010,8,6,2,0.5874999999999999,1.5499999999999998,0.8125
1011,8,6,3,0.5874999999999999,1.975,0.8125
1012,8,6,4,0.5874999999999999,2.975,0.8125
1013,8,6,5,0.5874999999999999,4.275,0.8125
1014,8,6,6,0.5874999999999999,6.975,0.8125
1015,8,6,7,0.5874999999999999,0.125,0.8125
1016,8,7,0,0.55,10.575,0.775
1017,8,7,1,0.55,0.7750000000000001,0.775
1018,8,7,2,0.55,1.5499999999999998,0.775
1019,8,7,3,0.55,1.975,0.775
1020,8,7,4,0.55,3.0,0.775
1021,8,7,5,0.55,4.3,0.775
1022,8,7,6,0.55,7.0,0.775
1023,8,7,7,0.55,0.1,0.775
1024,8,8,0,0.5,10.6,0.7125
1025,8,8,1,0.5,0.7750000000000001,0.7125
1026,8,8,2,0.5,1.525,0.7125
1027,8,8,3,0.5,1.975,0.7125
1028,8,8,4,0.5,3.025,0.7125
1029,8,8,5,0.5,4.35,0.7125
1030,8,8,6,0.5,7.025,0.7125
1031,8,8,7,0.5,0.1,0.7125
1032,8,9,0,0.4375,10.625,0.6625
1033,8,9,1,0.4375,0.75,0.6625
1034,8,9,2,0.4375,1.55,0.6625
1035,8,9,3,0.4375,1.975,0.6625
1036,8,9,4,0.4375,3.075,0.6625
1037,8,9,5,0.4375,4.425,0.6625
1038,8,9,6,0.4375,7.1,0.6625
1039,8,9,7,0.4375,0.1,0.6625
1040,8,10,0,0.3875,10.65,0.6125
1041,8,10,1,0.3875,0.75,0.6125
1042,8,10,2,0.3875,1.55,0.6125
1043,8,10,3,0.3875,2.025,0.6125
1044,8,10,4,0.3875,3.1,0.6125
1045,8,10,5,0.3875,4.5,0.6125
1046,8,10,6,0.3875,7.175000000000001,0.6125
1047,8,10,7,0.3875,0.1,0.6125
1048,8,11,0,0.35,10.675,0.55
1049,8,11,1,0.35,0.75,0.55
1050,8,11,2,0.35,1.55,0.55
1051,8,11,3,0.35,2.025,0.55
1052,8,11,4,0.35,3.175,0.55
1053,8,11,5,0.35,4.575,0.55
1054,8,11,6,0.35,7.25,0.55
1055,8,11,7,0.35,0.1,0.55
1056,8,12,0,0.30000000000000004,10.725,0.5
1057,8,12,1,0.30000000000000004,0.7000000000000001,0.5
1058,8,12,2,0.30000000000000004,1.55,0.5
1059,8,12,3,0.30000000000000004,2.05,0.5
1060,8,12,4,0.30000000000000004,3.225,0.5
1061,8,12,5,0.30000000000000004,4.675,0.5
1062,8,12,6,0.30000000000000004,7.35,0.5
1063,8,12,7,0.30000000000000004,0.1,0.5
1064,8,13,0,0.25,10.775,0.44999999999999996
1065,8,13,1,0.25,0.7000000000000001,0.44999999999999996
1066,8,13,2,0.25,1.5750000000000002,0.44999999999999996
1067,8,13,3,0.25,2.05,0.44999999999999996
1068,8,13,4,0.25,3.275,0.44999999999999996
1069,8,13,5,0.25,4.775,0.44999999999999996
1070,8,13,6,0.25,7.475,0.44999999999999996
1071,8,13,7,0.25,0.07500000000000001,0.44999999999999996
1072,8,14,0,1.2,10.7,1.325
1073,8,14,1,1.6875,1.3750000000000002,1.5750000000000002
1074,8,14,2,1.675,1.975,1.5625
1075,8,14,3,1.6875,3.325,1.5750000000000002
1076,8,14,4,1.6875,4.075,1.5750000000000002
1077,8,14,5,1.6875,6.275,1.5750000000000002
1078,8,14,6,1.6875,8.4,1.5750000000000002
1079,8,14,7,1.6875,0.475,1.5750000000000002
1080,9,0,0,0.125,10.9,0.3625
1081,9,0,1,0.125,0.7000000000000001,0.3625
1082,9,0,2,0.125,1.625,0.3625
1083,9,0,3,0.125,2.15,0.3625
1084,9,0,4,0.125,3.5250000000000004,0.3625
1085,9,0,5,0.125,5.1,0.3625
1086,9,0,6,0.125,7.925000000000001,0.3625
1087,9,0,7,0.125,0.07500000000000001,0.3625
1088,9,1,0,0.7749999999999999,10.6,1.1
1089,9,1,1,0.7749999999999999,0.85,1.1
1090,9,1,2,0.7749999999999999,1.5499999999999998,1.1
1091,9,1,3,0.7749999999999999,2.0,1.1
1092,9,1,4,0.7749999999999999,2.9749999999999996,1.1
1093,9,1,5,0.7749999999999999,4.2,1.1
1094,9,1,6,0.7749999999999999,7.050000000000001,1.1
1095,9,1,7,0.7749999999999999,0.15000000000000002,1.1
1096,9,2,0,0.7250000000000001,10.6,1.0375
1097,9,2,1,0.7250000000000001,0.825,1.0375
1098,9,2,2,0.7250000000000001,1.5499999999999998,1.0375
1099,9,2,3,0.7250000000000001,1.975,1.0375
1100,9,2,4,0.7250000000000001,2.9749999999999996,1.0375
1101,9,2,5,0.7250000000000001,4.2,1.0375
1102,9,2,6,0.7250000000000001,7.0,1.0375
1103,9,2,7,0.7250000000000001,0.125,1.0375
1104,9,3,0,0.6625,10.575,1.0
1105,9,3,1,0.6625,0.825,1.0
1106,9,3,2,0.6625,1.5499999999999998,1.0
1107,9,3,3,0.6625,1.975,1.0
1108,9,3,4,0.6625,3.0,1.0
1109,9,3,5,0.6625,4.25,1.0
1110,9,3,6,0.6625,6.975,1.0
1111,9,3,7,0.6625,0.125,1.0
1112,9,4,0,0.6375,10.575,0.95
1113,9,4,1,0.6375,0.825,0.95
1114,9,4,2,0.6375,1.5499999999999998,0.95
1115,9,4,3,0.6375,1.975,0.95
1116,9,4,4,0.6375,2.975,0.95
1117,9,4,5,0.6375,4.25,0.95
1118,9,4,6,0.6375,6.975,0.95
1119,9,4,7,0.6375,0.125,0.95
1120,9,5,0,0.5875,10.575,0.9125
1121,9,5,1,0.5875,0.7750000000000001,0.9125
1122,9,5,2,0.5875,1.5499999999999998,0.9125
1123,9,5,3,0.5875,2.0,0.9125
1124,9,5,4,0.5875,3.0,0.9125
1125,9,5,5,0.5875,4.3,0.9125
1126,9,5,6,0.5875,6.975,0.9125
1127,9,5,7,0.5875,0.125,0.9125
1128,9,6,0,0.55,10.575,0.8625
1129,9,6,1,0.55,0.7750000000000001,0.8625
1130,9,6,2,0.55,1.5499999999999998,0.8625
1131,9,6,3,0.55,1.975,0.8625
1132,9,6,4,0.55,3.0,0.8625
1133,9,6,5,0.55,4.3,0.8625
1134,9,6,6,0.55,7.0,0.8625
1135,9,6,7,0.55,0.1,0.8625
1136,9,7,0,0.5,10.6,0.8125
1137,9,7,1,0.5,0.7750000000000001,0.8125
1138,9,7,2,0.5,1.525,0.8125
1139,9,7,3,0.5,1.975,0.8125
1140,9,7,4,0.5,3.025,0.8125
1141,9,7,5,0.5,4.35,0.8125
1142,9,7,6,0.5,7.025,0.8125
1143,9,7,7,0.5,0.1,0.8125
1144,9,8,0,0.44999999999999996,10.6,0.7625
1145,9,8,1,0.44999999999999996,0.75,0.7625
1146,9,8,2,0.44999999999999996,1.55,0.7625
1147,9,8,3,0.44999999999999996,1.975,0.7625
1148,9,8,4,0.44999999999999996,3.075,0.7625
1149,9,8,5,0.44999999999999996,4.4,0.7625
1150,9,8,6,0.44999999999999996,7.074999999999999,0.7625
1151,9,8,7,0.44999999999999996,0.1,0.7625
1152,9,9,0,0.4,10.625,0.7125
1153,9,9,1,0.4,0.75,0.7125
1154,9,9,2,0.4,1.55,0.7125
1155,9,9,3,0.4,2.025,0.7125
1156,9,9,4,0.4,3.1,0.7125
1157,9,9,5,0.4,4.5,0.7125
1158,9,9,6,0.4,7.15,0.7125
1159,9,9,7,0.4,0.1,0.7125
1160,9,10,0,0.36250000000000004,10.65,0.6625
1161,9,10,1,0.36250000000000004,0.75,0.6625
1162,9,10,2,0.36250000000000004,1.55,0.6625
1163,9,10,3,0.36250000000000004,2.025,0.6625
1164,9,10,4,0.36250000000000004,3.15,0.6625
1165,9,10,5,0.36250000000000004,4.550000000000001,0.6625
1166,9,10,6,0.36250000000000004,7.225,0.6625
1167,9,10,7,0.36250000000000004,0.1,0.6625
1168,9,11,0,0.3125,10.7,0.6
1169,9,11,1,0.3125,0.7250000000000001,0.6
1170,9,11,2,0.3125,1.55,0.6
1171,9,11,3,0.3125,2.025,0.6
1172,9,11,4,0.3125,3.225,0.6
1173,9,11,5,0.3125,4.65,0.6
1174,9,11,6,0.3125,7.325,0.6
1175,9,11,7,0.3125,0.1,0.6
1176,9,12,0,0.275,10.75,0.55
1177,9,12,1,0.275,0.7000000000000001,0.55
1178,9,12,2,0.275,1.55,0.55
1179,9,12,3,0.275,2.05,0.55
1180,9,12,4,0.275,3.25,0.55
1181,9,12,5,0.275,4.725,0.55
1182,9,12,6,0.275,7.425,0.55
1183,9,12,7,0.275,0.1,0.55
1184,9,13,0,0.225,10.825,0.5125
1185,9,13,1,0.225,0.7000000000000001,0.5125
1186,9,13,2,0.225,1.5750000000000002,0.5125
1187,9,13,3,0.225,2.075,0.5125
1188,9,13,4,0.225,3.3,0.5125
1189,9,13,5,0.225,4.825,0.5125
1190,9,13,6,0.225,7.55,0.5125
1191,9,13,7,0.225,0.07500000000000001,0.5125
1192,9,14,0,1.1625,10.65,1.4125
1193,9,14,1,1.65,1.35,1.6625
1194,9,14,2,1.6375000000000002,1.9500000000000002,1.6625
1195,9,14,3,1.65,3.325,1.6625
1196,9,14,4,1.65,4.075,1.6625
1197,9,14,5,1.65,6.275,1.6625
1198,9,14,6,1.65,8.4,1.6625
1199,9,14,7,1.65,0.475,1.6625
1200,10,0,0,0.1,11.0,0.425
1201,10,0,1,0.1,0.675,0.425
1202,10,0,2,0.1,1.625,0.425
1203,10,0,3,0.1,2.175,0.425
1204,10,0,4,0.1,3.5250000000000004,0.425
1205,10,0,5,0.1,5.15,0.425
1206,10,0,6,0.1,8.0,0.425
1207,10,0,7,0.1,0.07500000000000001,0.425
1208,10,1,0,0.7125,10.6,1.1625
1209,10,1,1,0.7125,0.825,1.1625
1210,10,1,2,0.7125,1.5499999999999998,1.1625
1211,10,1,3,0.7125,1.975,1.1625
1212,10,1,4,0.7125,2.9749999999999996,1.1625
1213,10,1,5,0.7125,4.2,1.1625
1214,10,1,6,0.7125,7.0,1.1625
1215,10,1,7,0.7125,0.125,1.1625
1216,10,2,0,0.6625,10.575,1.1
1217,10,2,1,0.6625,0.825,1.1
1218,10,2,2,0.6625,1.5499999999999998,1.1
1219,10,2,3,0.6625,1.975,1.1
1220,10,2,4,0.6625,3.0,1.1
1221,10,2,5,0.6625,4.25,1.1
1222,10,2,6,0.6625,6.975,1.1
1223,10,2,7,0.6625,0.125,1.1
1224,10,3,0,0.6125,10.575,1.0499999999999998
1225,10,3,1,0.6125,0.7750000000000001,1.0499999999999998
1226,10,3,2,0.6125,1.5499999999999998,1.0499999999999998
1227,10,3,3,0.6125,2.0,1.0499999999999998
1228,10,3,4,0.6125,2.975,1.0499999999999998
1229,10,3,5,0.6125,4.25,1.0499999999999998
1230,10,3,6,0.6125,6.949999999999999,1.0499999999999998
1231,10,3,7,0.6125,0.125,1.0499999999999998
1232,10,4,0,0.575,10.575,1.0
1233,10,4,1,0.575,0.7750000000000001,1.0
1234,10,4,2,0.575,1.5499999999999998,1.0
1235,10,4,3,0.575,1.975,1.0
1236,10,4,4,0.575,3.0,1.0
1237,10,4,5,0.575,4.3,1.0
1238,10,4,6,0.575,6.975,1.0
1239,10,4,7,0.575,0.125,1.0
1240,10,5,0,0.525,10.575,0.95
1241,10,5,1,0.525,0.7750000000000001,0.95
1242,10,5,2,0.525,1.525,0.95
1243,10,5,3,0.525,1.975,0.95
1244,10,5,4,0.525,3.025,0.95
1245,10,5,5,0.525,4.35,0.95
1246,10,5,6,0.525,7.025,0.95
1247,10,5,7,0.525,0.1,0.95
1248,10,6,0,0.4875,10.6,0.9
1249,10,6,1,0.4875,0.75,0.9
1250,10,6,2,0.4875,1.525,0.9
1251,10,6,3,0.4875,1.975,0.9
1252,10,6,4,0.4875,3.025,0.9
1253,10,6,5,0.4875,4.375,0.9
1254,10,6,6,0.4875,7.050000000000001,0.9
1255,10,6,7,0.4875,0.1,0.9
1256,10,7,0,0.44999999999999996,10.6,0.8625
1257,10,7,1,0.44999999999999996,0.75,0.8625
1258,10,7,2,0.44999999999999996,1.55,0.8625
1259,10,7,3,0.44999999999999996,1.975,0.8625
1260,10,7,4,0.44999999999999996,3.075,0.8625
1261,10,7,5,0.44999999999999996,4.4,0.8625
1262,10,7,6,0.44999999999999996,7.074999999999999,0.8625
1263,10,7,7,0.44999999999999996,0.1,0.8625
1264,10,8,0,0.4,10.625,0.8125
1265,10,8,1,0.4,0.75,0.8125
1266,10,8,2,0.4,1.55,0.8125
1267,10,8,3,0.4,2.025,0.8125
1268,10,8,4,0.4,3.1,0.8125
1269,10,8,5,0.4,4.5,0.8125
1270,10,8,6,0.4,7.15,0.8125
1271,10,8,7,0.4,0.1,0.8125
1272,10,9,0,0.35,10.675,0.75
1273,10,9,1,0.35,0.75,0.75
1274,10,9,2,0.35,1.55,0.75
1275,10,9,3,0.35,2.025,0.75
1276,10,9,4,0.35,3.175,0.75
1277,10,9,5,0.35,4.575,0.75
1278,10,9,6,0.35,7.25,0.75
1279,10,9,7,0.35,0.1,0.75
1280,10,10,0,0.3125,10.725,0.7
1281,10,10,1,0.3125,0.7250000000000001,0.7
1282,10,10,2,0.3125,1.55,0.7
1283,10,10,3,0.3125,2.05,0.7
1284,10,10,4,0.3125,3.1999999999999997,0.7
1285,10,10,5,0.3125,4.65,0.7
1286,10,10,6,0.3125,7.324999999999999,0.7
1287,10,10,7,0.3125,0.1,0.7
1288,10,11,0,0.275,10.75,0.65
1289,10,11,1,0.275,0.7000000000000001,0.65
1290,10,11,2,0.275,1.55,0.65
1291,10,11,3,0.275,2.05,0.65
1292,10,11,4,0.275,3.25,0.65
1293,10,11,5,0.275,4.725,0.65
1294,10,11,6,0.275,7.425,0.65
1295,10,11,7,0.275,0.1,0.65
1296,10,12,0,0.225,10.825,0.6
1297,10,12,1,0.225,0.7000000000000001,0.6
1298,10,12,2,0.225,1.5750000000000002,0.6
1299,10,12,3,0.225,2.075,0.6
1300,10,12,4,0.225,3.3,0.6
1301,10,12,5,0.225,4.825,0.6
1302,10,12,6,0.225,7.55,0.6
1303,10,12,7,0.225,0.07500000000000001,0.6
1304,10,13,0,0.175,10.9,0.5375
1305,10,13,1,0.175,0.7000000000000001,0.5375
1306,10,13,2,0.175,1.575,0.5375
1307,10,13,3,0.175,2.0999999999999996,0.5375
1308,10,13,4,0.175,3.375,0.5375
1309,10,13,5,0.175,4.949999999999999,0.5375
1310,10,13,6,0.175,7.699999999999999,0.5375
1311,10,13,7,0.175,0.07500000000000001,0.5375
1312,10,14,0,1.1375,10.625,1.5125000000000002
1313,10,14,1,1.625,1.35,1.7625000000000002
1314,10,14,2,1.6125,1.9500000000000002,1.7625000000000002
1315,10,14,3,1.625,3.325,1.7625000000000002
1316,10,14,4,1.625,4.05,1.7625000000000002
1317,10,14,5,1.625,6.275,1.7625000000000002
1318,10,14,6,1.625,8.4,1.7625000000000002
1319,10,14,7,1.625,0.475,1.7625000000000002
1320,11,0,0,0.0875,11.05,0.48750000000000004
1321,11,0,1,0.0875,0.675,0.48750000000000004
1322,11,0,2,0.0875,1.625,0.48750000000000004
1323,11,0,3,0.0875,2.175,0.48750000000000004
1324,11,0,4,0.0875,3.55,0.48750000000000004
1325,11,0,5,0.0875,5.199999999999999,0.48750000000000004
1326,11,0,6,0.0875,8.025,0.48750000000000004
1327,11,0,7,0.0875,0.07500000000000001,0.48750000000000004
1328,11,1,0,0.6625,10.575,1.2125
1329,11,1,1,0.6625,0.825,1.2125
1330,11,1,2,0.6625,1.5499999999999998,1.2125
1331,11,1,3,0.6625,1.975,1.2125
1332,11,1,4,0.6625,3.0,1.2125
1333,11,1,5,0.6625,4.25,1.2125
1334,11,1,6,0.6625,6.975,1.2125
1335,11,1,7,0.6625,0.125,1.2125
1336,11,2,0,0.6125,10.575,1.1625
1337,11,2,1,0.6125,0.7750000000000001,1.1625
1338,11,2,2,0.6125,1.5499999999999998,1.1625
1339,11,2,3,0.6125,2.0,1.1625
1340,11,2,4,0.6125,2.975,1.1625
1341,11,2,5,0.6125,4.25,1.1625
1342,11,2,6,0.6125,6.949999999999999,1.1625
1343,11,2,7,0.6125,0.125,1.1625
1344,11,3,0,0.5625,10.575,1.1124999999999998
1345,11,3,1,0.5625,0.7750000000000001,1.1124999999999998
1346,11,3,2,0.5625,1.5499999999999998,1.1124999999999998
1347,11,3,3,0.5625,1.975,1.1124999999999998
1348,11,3,4,0.5625,3.0,1.1124999999999998
1349,11,3,5,0.5625,4.3,1.1124999999999998
1350,11,3,6,0.5625,7.0,1.1124999999999998
1351,11,3,7,0.5625,0.125,1.1124999999999998
1352,11,4,0,0.525,10.575,1.0499999999999998
1353,11,4,1,0.525,0.7750000000000001,1.0499999999999998
1354,11,4,2,0.525,1.525,1.0499999999999998
1355,11,4,3,0.525,1.975,1.0499999999999998
1356,11,4,4,0.525,3.025,1.0499999999999998
1357,11,4,5,0.525,4.35,1.0499999999999998
1358,11,4,6,0.525,7.025,1.0499999999999998
1359,11,4,7,0.525,0.1,1.0499999999999998
1360,11,5,0,0.48750000000000004,10.6,1.0125
1361,11,5,1,0.48750000000000004,0.7750000000000001,1.0125
1362,11,5,2,0.48750000000000004,1.525,1.0125
1363,11,5,3,0.48750000000000004,1.975,1.0125
1364,11,5,4,0.48750000000000004,3.05,1.0125
1365,11,5,5,0.48750000000000004,4.375,1.0125
1366,11,5,6,0.48750000000000004,7.05,1.0125
1367,11,5,7,0.48750000000000004,0.1,1.0125
1368,11,6,0,0.44999999999999996,10.6,0.95
1369,11,6,1,0.44999999999999996,0.75,0.95
1370,11,6,2,0.44999999999999996,1.55,0.95
1371,11,6,3,0.44999999999999996,1.975,0.95
1372,11,6,4,0.44999999999999996,3.075,0.95
1373,11,6,5,0.44999999999999996,4.4,0.95
1374,11,6,6,0.44999999999999996,7.074999999999999,0.95
1375,11,6,7,0.44999999999999996,0.1,0.95
1376,11,7,0,0.4,10.625,0.9125
1377,11,7,1,0.4,0.75,0.9125
1378,11,7,2,0.4,1.55,0.9125
1379,11,7,3,0.4,2.025,0.9125
1380,11,7,4,0.4,3.1,0.9125
1381,11,7,5,0.4,4.5,0.9125
1382,11,7,6,0.4,7.15,0.9125
1383,11,7,7,0.4,0.1,0.9125
1384,11,8,0,0.35,10.675,0.8625
1385,11,8,1,0.35,0.75,0.8625
1386,11,8,2,0.35,1.55,0.8625
1387,11,8,3,0.35,2.025,0.8625
1388,11,8,4,0.35,3.175,0.8625
1389,11,8,5,0.35,4.575,0.8625
1390,11,8,6,0.35,7.25,0.8625
1391,11,8,7,0.35,0.1,0.8625
1392,11,9,0,0.3125,10.7,0.8
1393,11,9,1,0.3125,0.7250000000000001,0.8
1394,11,9,2,0.3125,1.55,0.8
1395,11,9,3,0.3125,2.025,0.8
1396,11,9,4,0.3125,3.225,0.8
1397,11,9,5,0.3125,4.65,0.8
1398,11,9,6,0.3125,7.325,0.8
1399,11,9,7,0.3125,0.1,0.8
1400,11,10,0,0.275,10.75,0.7375
1401,11,10,1,0.275,0.7000000000000001,0.7375
1402,11,10,2,0.275,1.55,0.7375
1403,11,10,3,0.275,2.05,0.7375
1404,11,10,4,0.275,3.25,0.7375
1405,11,10,5,0.275,4.725,0.7375
1406,11,10,6,0.275,7.425,0.7375
1407,11,10,7,0.275,0.1,0.7375
1408,11,11,0,0.225,10.825,0.6875
1409,11,11,1,0.225,0.7000000000000001,0.6875
1410,11,11,2,0.225,1.5750000000000002,0.6875
1411,11,11,3,0.225,2.075,0.6875
1412,11,11,4,0.225,3.3,0.6875
1413,11,11,5,0.225,4.825,0.6875
1414,11,11,6,0.225,7.55,0.6875
1415,11,11,7,0.225,0.07500000000000001,0.6875
1416,11,12,0,0.1875,10.9,0.65
1417,11,12,1,0.1875,0.7000000000000001,0.65
1418,11,12,2,0.1875,1.5750000000000002,0.65
1419,11,12,3,0.1875,2.0999999999999996,0.65
1420,11,12,4,0.1875,3.3499999999999996,0.65
1421,11,12,5,0.1875,4.9,0.65
1422,11,12,6,0.1875,7.65,0.65
1423,11,12,7,0.1875,0.07500000000000001,0.65
1424,11,13,0,0.15,10.95,0.5875
1425,11,13,1,0.15,0.7000000000000001,0.5875
1426,11,13,2,0.15,1.575,0.5875
1427,11,13,3,0.15,2.125,0.5875
1428,11,13,4,0.15,3.425,0.5875
1429,11,13,5,0.15,5.0,0.5875
1430,11,13,6,0.15,7.775,0.5875
1431,11,13,7,0.15,0.07500000000000001,0.5875
1432,11,14,0,1.1,10.6,1.6125
1433,11,14,1,1.5875,1.35,1.8625
1434,11,14,2,1.5750000000000002,1.9500000000000002,1.8625
1435,11,14,3,1.5875,3.325,1.8625
1436,11,14,4,1.5875,4.05,1.8625
1437,11,14,5,1.5875,6.275,1.8625
1438,11,14,6,1.5875,8.4,1.8625
1439,11,14,7,1.5875,0.475,1.8625
1440,12,0,0,0.4875,10.6,0.05
1441,12,0,1,0.4875,0.75,0.05
1442,12,0,2,0.4875,1.525,0.05
1443,12,0,3,0.4875,1.975,0.05
1444,12,0,4,0.4875,3.025,0.05
1445,12,0,5,0.4875,4.375,0.05
1446,12,0,6,0.4875,7.050000000000001,0.05
1447,12,0,7,0.4875,0.1,0.05
1448,12,1,0,1.4249999999999998,11.45,0.5125
1449,12,1,1,1.7000000000000002,1.25,0.33749999999999997
1450,12,1,2,1.7000000000000002,1.9249999999999998,0.33749999999999997
1451,12,1,3,1.7000000000000002,2.8499999999999996,0.33749999999999997
1452,12,1,4,1.7000000000000002,3.775,0.33749999999999997
1453,12,1,5,1.7000000000000002,5.425,0.33749999999999997
1454,12,1,6,1.7000000000000002,8.6,0.33749999999999997
1455,12,1,7,1.7000000000000002,0.35,0.33749999999999997
1456,12,2,0,1.375,11.225,0.4375
1457,12,2,1,1.5625,1.2000000000000002,0.31249999999999994
1458,12,2,2,1.5625,1.8499999999999999,0.31249999999999994
1459,12,2,3,1.5625,2.675,0.31249999999999994
1460,12,2,4,1.5625,3.575,0.31249999999999994
1461,12,2,5,1.5625,5.1,0.31249999999999994
1462,12,2,6,1.5625,8.525,0.31249999999999994
1463,12,2,7,1.5625,0.32499999999999996,0.31249999999999994
1464,12,3,0,1.35,11.125,0.35
1465,12,3,1,1.475,1.125,0.28750000000000003
1466,12,3,2,1.475,1.7999999999999998,0.28750000000000003
1467,12,3,3,1.475,2.525,0.28750000000000003
1468,12,3,4,1.475,3.45,0.28750000000000003
1469,12,3,5,1.475,4.9,0.28750000000000003
1470,12,3,6,1.475,8.5,0.28750000000000003
1471,12,3,7,1.475,0.275,0.28750000000000003
1472,12,4,0,1.3125,11.0,0.2875
1473,12,4,1,1.375,1.1,0.275
1474,12,4,2,1.375,1.75,0.275
1475,12,4,3,1.375,2.425,0.275
1476,12,4,4,1.375,3.3,0.275
1477,12,4,5,1.375,4.75,0.275
1478,12,4,6,1.375,8.475,0.275
1479,12,4,7,1.375,0.275,0.275
1480,12,5,0,1.275,10.875,0.25
1481,12,5,1,1.2875,1.0499999999999998,0.25
1482,12,5,2,1.2875,1.7000000000000002,0.25
1483,12,5,3,1.2875,2.35,0.25
1484,12,5,4,1.2875,3.225,0.25
1485,12,5,5,1.2875,4.6,0.25
1486,12,5,6,1.2875,8.45,0.25
1487,12,5,7,1.2875,0.25,0.25
1488,12,6,0,1.1875,10.825,0.22500000000000003
1489,12,6,1,1.1875,1.0,0.22500000000000003
1490,12,6,2,1.1875,1.675,0.22500000000000003
1491,12,6,3,1.1875,2.25,0.22500000000000003
1492,12,6,4,1.1875,3.0999999999999996,0.22500000000000003
1493,12,6,5,1.1875,4.475,0.22500000000000003
1494,12,6,6,1.1875,8.024999999999999,0.22500000000000003
1495,12,6,7,1.1875,0.22500000000000003,0.22500000000000003
1496,12,7,0,1.1,10.725,0.21250000000000002
1497,12,7,1,1.1,0.9749999999999999,0.21250000000000002
1498,12,7,2,1.1,1.625,0.21250000000000002
1499,12,7,3,1.1,2.175,0.21250000000000002
1500,12,7,4,1.1,3.075,0.21250000000000002
1501,12,7,5,1.1,4.375,0.21250000000000002
1502,12,7,6,1.1,7.75,0.21250000000000002
1503,12,7,7,1.1,0.2,0.21250000000000002
1504,12,8,0,1.0,10.675,0.1875
1505,12,8,1,1.0,0.95,0.1875
1506,12,8,2,1.0,1.6,0.1875
1507,12,8,3,1.0,2.125,0.1875
1508,12,8,4,1.0,3.0,0.1875
1509,12,8,5,1.0,4.3,0.1875
1510,12,8,6,1.0,7.5,0.1875
1511,12,8,7,1.0,0.175,0.1875
1512,12,9,0,0.9125000000000001,10.625,0.16250000000000003
1513,12,9,1,0.9125000000000001,0.9,0.16250000000000003
1514,12,9,2,0.9125000000000001,1.575,0.16250000000000003
1515,12,9,3,0.9125000000000001,2.075,0.16250000000000003
1516,12,9,4,0.9125000000000001,2.95,0.16250000000000003
1517,12,9,5,0.9125000000000001,4.25,0.16250000000000003
1518,12,9,6,0.9125000000000001,7.300000000000001,0.16250000000000003
1519,12,9,7,0.9125000000000001,0.175,0.16250000000000003
1520,12,10,0,0.825,10.6,0.15000000000000002
1521,12,10,1,0.825,0.85,0.15000000000000002
1522,12,10,2,0.825,1.5499999999999998,0.15000000000000002
1523,12,10,3,0.825,2.025,0.15000000000000002
1524,12,10,4,0.825,2.9749999999999996,0.15000000000000002
1525,12,10,5,0.825,4.2,0.15000000000000002
1526,12,10,6,0.825,7.125,0.15000000000000002
1527,12,10,7,0.825,0.15000000000000002,0.15000000000000002
1528,12,11,0,0.7375,10.575,0.125
1529,12,11,1,0.7375,0.85,0.125
1530,12,11,2,0.7375,1.5499999999999998,0.125
1531,12,11,3,0.7375,2.0,0.125
1532,12,11,4,0.7375,2.9749999999999996,0.125
1533,12,11,5,0.7375,4.2,0.125
1534,12,11,6,0.7375,7.050000000000001,0.125
1535,12,11,7,0.7375,0.15000000000000002,0.125
1536,12,12,0,0.6499999999999999,10.575,0.1
1537,12,12,1,0.6499999999999999,0.8,0.1
1538,12,12,2,0.6499999999999999,1.5499999999999998,0.1
1539,12,12,3,0.6499999999999999,1.975,0.1
1540,12,12,4,0.6499999999999999,2.975,0.1
1541,12,12,5,0.6499999999999999,4.25,0.1
1542,12,12,6,0.6499999999999999,6.975,0.1
1543,12,12,7,0.6499999999999999,0.125,0.1
1544,12,13,0,0.575,10.575,0.07500000000000001
1545,12,13,1,0.575,0.7750000000000001,0.07500000000000001
1546,12,13,2,0.575,1.5499999999999998,0.07500000000000001
1547,12,13,3,0.575,2.0,0.07500000000000001
1548,12,13,4,0.575,3.0,0.07500000000000001
1549,12,13,5,0.575,4.3,0.07500000000000001
1550,12,13,6,0.575,7.0,0.07500000000000001
1551,12,13,7,0.575,0.125,0.07500000000000001
1552,12,14,0,1.4625,11.625,0.625
1553,12,14,1,1.95,1.45,0.5625
1554,12,14,2,1.9375,2.1,0.5625
1555,12,14,3,1.95,3.4000000000000004,0.5625
1556,12,14,4,1.95,4.3,0.5625
1557,12,14,5,1.95,6.375,0.5625
1558,12,14,6,1.95,8.675,0.5625
1559,12,14,7,1.95,0.475,0.5625
